n, naive_min_s, naive_mean_s, naive_std_s, fast_min_s, fast_mean_s, fast_std_s, speedup_mean_x
10000, 1.021975, 1.035946, 0.018128, 0.000592, 0.000634, 0.000033, 1633.23
20000, 4.289543, 4.332664, 0.051977, 0.001128, 0.001134, 0.000005, 3821.90
50000, 27.637217, 28.008431, 0.297245, 0.002784, 0.002796, 0.000019, 10018.28
80000, 70.185509, 70.507939, 0.402121, 0.004428, 0.004438, 0.000011, 15887.47
100000, 108.457965, 109.356517, 0.557735, 0.005494, 0.005534, 0.000021, 19762.09